player_id,team_id,player_name,position,nationality,date_of_birth,height,shirt_number
934235,42,Bukayo Saka,RW,England,2001-09-05,178,7
794839,42,Gabriel Jesus,ST,Brazil,1997-04-03,175,9
922573,42,Gabriel Martinelli,LW,Brazil,2001-06-18,180,11
135666,42,Leandro Trossard,LW,Belgium,1994-12-04,172,19
1401702,42,Ethan Nwaneri,MC,England,2007-03-21,176,53
998835,42,Nathan Butler-Oyedeji,ST,England,2003-01-04,177,37
836705,42,Kai Havertz,ST,Germany,1999-06-11,193,29
547410,42,Martin Ødegaard,MC,Norway,1998-12-17,178,8
138534,42,Raheem Sterling,LW,England,1994-12-08,170,30
316148,42,Thomas Partey,MC,Ghana,1993-06-13,185,5
856714,42,Declan Rice,MC,England,1999-01-14,188,41
132874,42,Jorginho,MC,Italy,1991-12-20,180,20
592010,42,Mikel Merino,MC,Spain,1996-06-22,188,23
1423711,42,Myles Lewis-Skelly,MC,England,2006-09-26,178,49
941168,42,William Saliba,DC,France,2001-03-24,193,2
869792,42,Gabriel Magalhães,DC,Brazil,1997-12-19,190,6
287643,42,Oleksandr Zinchenko,DL,Ukraine,1996-12-15,175,17
804434,42,Takehiro Tomiyasu,DR,Japan,1998-11-05,188,18
976037,42,Jakub Kiwior,DC,Poland,2000-02-15,189,15
957602,42,Riccardo Calafiori,DL,Italy,2002-05-19,188,33
958959,42,Jurriën Timber,DC,Netherlands,2001-06-17,179,12
846036,42,Ben White,DR,England,1997-10-08,186,4
366592,42,Kieran Tierney,DL,Scotland,1997-06-05,178,17
1486431,42,Josh Nichols,D,England,2006-07-26,NULL,51
581310,42,David Raya,GK,Spain,1995-09-15,183,22
84844,42,Neto,GK,Brazil,1989-07-19,190,32
173827,31,Jamie Vardy,ST,England,1987-01-11,178,9
103045,31,Jordan Ayew,RW,Ghana,1991-09-11,182,9
1103589,31,Abdul Fatawu Issahaku,RW,Ghana,2004-03-08,180,7
865057,31,Patson Daka,ST,Zambia,1998-10-09,185,20
795228,31,Odsonne Édouard,ST,France,1998-01-16,187,22
605338,31,Stephy Mavididi,LW,England,1998-05-31,182,10
1126569,31,Bilal El Khannouss,AM,Morocco,2004-05-10,180,11
833057,31,Hamza Choudhury,MC,Bangladesh,1997-10-01,178,17
1117025,31,Facundo Buonanotte,RW,Argentina,2004-12-23,174,40
787885,31,Wilfred Ndidi,MC,Nigeria,1996-12-16,186,6
859901,31,Oliver Skipp,MC,England,2000-09-16,175,22
545780,31,Harry Winks,MC,England,1996-02-02,178,8
887581,31,Boubakary Soumaré,MC,France,1999-02-27,188,24
151499,31,Bobby Decordova-Reid,RW,Jamaica,1993-02-02,170,14
1403055,31,Michael Golding,MC,England,2006-05-23,178,10
1065134,31,Kasey McAteer,RW,Ireland,2001-11-22,177,35
361696,31,Wout Faes,DC,Belgium,1998-04-03,185,3
1092409,31,Victor Kristiansen,DL,Denmark,2002-12-16,181,16
120538,31,Jannik Vestergaard,DC,Denmark,1992-08-03,199,23
221200,31,Ricardo Pereira,DR,Portugal,1993-10-06,175,21
827681,31,James Justin,DL,England,1998-02-23,183,2
967722,31,Caleb Okoli,DC,Italy,2001-07-13,187,5
98449,31,Conor Coady,DC,England,1993-02-25,184,4
991584,31,Luke Thomas,DL,England,2001-06-10,178,33
856640,31,Mads Hermansen,GK,Denmark,2000-07-11,187,30
197428,31,Danny Ward,GK,Wales,1993-06-22,191,1
997830,31,Jakub Stolarczyk,GK,Poland,2000-12-19,194,41
796986,31,Daniel Iversen,GK,Denmark,1997-07-19,190,31
975079,30,João Pedro,ST,Brazil,2001-09-26,188,9
999231,30,Evan Ferguson,ST,Ireland,2004-10-19,183,28
1400106,30,Yankuba Minteh,RW,Gambia,2004-07-22,180,17
33902,30,Danny Welbeck,ST,England,1990-11-26,185,18
946695,30,Georginio Rutter,ST,France,2002-04-20,182,14
1198075,30,Brajan Gruda,AM,Germany,2004-05-31,174,8
936849,30,Kaoru Mitoma,LW,Japan,1997-05-20,178,22
1110842,30,Simon Adingra,LW,Côte d’Ivoire,2002-01-01,175,24
886242,30,Jakub Moder,MC,Poland,1999-04-07,191,15
973556,30,Julio Enciso,ST,Paraguay,2004-01-22,173,10
1199043,30,Carlos Baleba,MC,Cameroon,2004-01-03,179,20
791,30,James Milner,MC,England,1986-01-04,175,6
891829,30,Matt O'Riley,MC,Denmark,2000-11-21,187,25
301288,30,Solly March,RW,England,1994-07-20,180,7
959628,30,Mats Wieffer,MC,Netherlands,1999-11-16,188,27
1036269,30,Yasin Ayari,MC,Sweden,2003-10-06,172,26
825844,30,Ferdi Kadıoğlu,DL,Türkiye,1999-10-07,174,24
805465,30,Pervis Estupiñán,DL,Ecuador,1998-01-21,175,30
914691,30,Tariq Lamptey,DR,Ghana,2000-09-30,165,2
115365,30,Lewis Dunk,DC,England,1991-11-21,190,5
962012,30,Jan Paul van Hecke,DC,Netherlands,2000-06-08,189,29
842513,30,Igor Júlio,DC,Brazil,1998-02-07,185,3
219572,30,Joël Veltman,DR,Netherlands,1992-01-15,184,34
1142315,30,Jack Hinshelwood,MC,England,2005-04-11,182,41
216308,30,Adam Webster,DC,England,1995-01-04,191,4
1008114,30,Imari Samuels,DL,England,2003-02-05,187,3
994363,30,Bart Verbruggen,GK,Netherlands,2002-08-18,193,1
31867,30,Jason Steele,GK,England,1990-08-18,188,23
927083,50,Bryan Mbeumo,RW,Cameroon,1999-08-07,173,19
805123,50,Yoane Wissa,ST,DR Congo,1996-09-03,176,11
1016907,50,Igor Thiago,ST,Brazil,2001-06-26,191,99
1006387,50,Kevin Schade,MR,Germany,2001-11-27,183,7
972421,50,Keane Lewis-Potter,LW,England,2001-02-22,170,23
991604,50,Fabio Carvalho,AM,Portugal,2002-08-30,170,14
907072,50,Mikkel Damsgaard,MC,Denmark,2000-07-03,180,24
1031258,50,Yehor Yarmoliuk,MC,Ukraine,2004-03-01,180,18
799251,50,Mathias Jensen,MC,Denmark,1996-01-01,180,8
1514747,50,Gustavo Nunes,ML,Brazil,2005-11-20,173,39
135256,50,Christian Nørgaard,DM,Denmark,1994-03-10,185,6
1518589,50,Yunus Konak,DM,Türkiye,2006-01-10,181,26
814873,50,Vitaly Janelt,MC,Germany,1998-05-10,184,27
856260,50,Joshua Dasilva,MC,England,1998-10-23,184,10
826057,50,Mads Roerslev,MR,Denmark,1999-06-24,184,30
907500,50,Edmond-Paris Maghoma,MC,England,2001-05-08,178,21
1177007,50,Ryan Trevitt,MC,England,2003-03-12,170,28
924378,50,Sepp van den Berg,DC,Netherlands,2001-12-20,192,4
958916,50,Nathan Collins,DC,Ireland,2001-04-30,193,22
966869,50,Aaron Hickey,DR,Scotland,2002-06-10,185,2
855864,50,Ethan Pinnock,DC,Jamaica,1993-05-29,194,5
576384,50,Kristoffer Ajer,DC,Norway,1998-04-17,196,20
1185061,50,Kim Ji-Soo,DC,South Korea,2004-12-24,192,36
137774,50,Ben Mee,DC,England,1989-09-21,180,16
599128,50,Rico Henry,DL,England,1997-07-08,175,3
1410201,50,Jayden Meghoma,DL,England,2006-06-28,176,21
171919,50,Mark Flekken,GK,Netherlands,1993-06-13,194,1
1005959,50,Hákon Rafn Valdimarsson,GK,Iceland,2001-10-13,195,12
1065525,50,Matthew Cox,GK,England,2003-05-02,183,13
998490,60,Evanilson,ST,Brazil,1999-10-06,181,9
336655,60,Enes Ünal,ST,Türkiye,1997-05-10,185,26
836070,60,Luis Sinisterra,LW,Colombia,1999-06-17,176,17
1106451,60,Dango Ouattara,RW,Burkina Faso,2002-02-11,177,11
934354,60,Antoine Semenyo,ST,Ghana,2000-01-07,178,24
851596,60,Justin Kluivert,AM,Netherlands,1999-05-05,171,19
800419,60,Tyler Adams,MC,USA,1999-02-14,175,18
1104986,60,Alex Scott,MC,England,2003-08-23,178,8
548660,60,Philip Billing,MC,Denmark,1996-06-11,193,29
895576,60,Marcus Tavernier,MC,England,1999-03-22,178,16
322391,60,Ryan Christie,MC,Scotland,1995-02-22,178,10
855731,60,David Brooks,RW,Wales,1997-07-08,173,7
548188,60,Lewis Cook,MC,England,1997-02-03,175,4
978150,60,Julian Araujo,DR,Mexico,2001-08-13,175,22
1097425,60,Miloš Kerkez,DL,Hungary,2003-11-07,176,3
1023567,60,Illia Zabarnyi,DC,Ukraine,2002-09-01,189,27
830659,60,Marcos Senesi,DC,Argentina,1997-05-10,184,5
1176744,60,Dean Huijsen,DC,Spain,2005-04-14,195,2
943645,60,Max Aarons,DR,England,2000-01-04,178,37
44566,60,Adam Smith,DR,England,1991-04-29,180,15
1156586,60,James Hill,DC,England,2002-01-10,184,23
232422,60,Kepa Arrizabalaga,GK,Spain,1994-10-03,188,13
856720,60,Mark Travers,GK,Ireland,1999-05-18,191,42
991001,60,Will Dennis,GK,England,2000-07-10,188,40
555386,40,Ollie Watkins,ST,England,1995-12-30,179,11
974577,40,Jhon Durán,ST,Colombia,2003-12-13,185,9
331737,40,Youri Tielemans,MC,Belgium,1997-05-07,177,8
923973,40,Amadou Onana,MC,Belgium,2001-08-16,195,24
808590,40,Leon Bailey,RW,Jamaica,1997-08-09,178,31
783126,40,Emiliano Buendía,RW,Argentina,1996-12-25,170,10
250223,40,John McGinn,MC,Scotland,1994-10-18,175,7
826204,40,Boubacar Kamara,MC,France,1999-11-23,184,44
98435,40,Ross Barkley,MC,England,1993-12-05,188,6
948261,40,Morgan Rogers,LW,England,2002-07-26,187,27
975937,40,Jacob Ramsey,MC,England,2001-05-28,180,41
1014461,40,Jaden Philogene-Bidace,LW,England,2002-02-08,179,19
1089388,40,Lamare Bogarde,MC,Netherlands,2004-01-05,183,26
1167065,40,Kadan Young,ST,England,2006-01-19,176,72
833956,40,Matty Cash,DR,Poland,1997-08-07,185,2
976263,40,Ian Maatsen,DL,Netherlands,2002-03-10,178,22
864169,40,Pau Torres,DC,Spain,1997-01-16,192,14
96538,40,Lucas Digne,DL,France,1993-07-20,178,12
827679,40,Ezri Konsa,DC,England,1997-10-23,183,4
604232,40,Diego Carlos,DC,Brazil,1993-03-15,185,3
303638,40,Tyrone Mings,DC,England,1993-03-13,195,5
1152923,40,Kosta Nedeljković,DR,Serbia,2005-12-16,184,20
255189,40,Kortney Hause,DC,England,1995-07-16,189,30
1090521,40,Sil Swinkels,DC,Netherlands,2004-01-06,NULL,50
158263,40,Emiliano Martínez,GK,Argentina,1992-09-02,195,23
26025,40,Robin Olsen,GK,Sweden,1990-01-08,198,25
1009362,40,Oliwier Zych,GK,Poland,2004-06-28,193,48
966874,40,Joe Gauci,GK,Australia,2000-07-04,194,18
979232,14,Anthony Elanga,RW,Sweden,2002-04-27,178,21
359664,14,Taiwo Awoniyi,ST,Nigeria,1997-08-12,183,9
50480,14,Chris Wood,ST,New Zealand,1991-12-07,191,11
844424,14,Emmanuel Dennis,ST,Nigeria,1997-11-15,174,25
1011895,14,Jota Silva,RW,Portugal,1999-08-01,179,20
1418646,14,Eric da Silva Moreira,DR,Germany,2006-05-03,180,2
867442,14,Callum Hudson-Odoi,LW,England,2000-11-07,177,14
843754,14,Ibrahim Sangaré,MC,Côte d’Ivoire,1997-12-02,191,6
161717,14,James Ward-Prowse,MC,England,1994-11-01,177,18
1064039,14,Danilo,MC,Brazil,2001-04-29,177,28
865912,14,Morgan Gibbs-White,AM,England,2000-01-27,171,10
1015733,14,Ramón Sosa,LW,Paraguay,1999-08-31,178,24
871765,14,Nicolás Domínguez,MC,Argentina,1998-06-28,179,16
994546,14,Elliot Anderson,MC,England,2002-11-06,175,8
846252,14,Ryan Yates,MC,England,1997-11-21,190,22
836168,14,Nikola Milenković,DC,Serbia,1997-10-12,195,31
1199282,14,Murillo,DC,Brazil,2002-07-04,183,5
927356,14,Neco Williams,DR,Wales,2001-04-13,183,7
139310,14,Willy Boly,DC,Côte d’Ivoire,1991-02-03,195,30
800417,14,Ola Aina,DR,Nigeria,1996-10-08,182,34
985086,14,Morato,DC,Brazil,2001-06-30,190,4
294593,14,Álex Moreno,DL,Spain,1993-06-08,179,19
983066,14,Andrew Omobamidele,DC,Ireland,2002-06-23,188,12
358218,14,Harry Toffolo,DL,England,1995-08-19,183,15
1390490,14,Zach Abbott,DC,England,2006-05-13,NULL,4
973738,14,Carlos Miguel,GK,Brazil,1998-10-09,204,33
78152,14,Matz Sels,GK,Belgium,1992-02-26,188,26
786186,3,Hee-Chan Hwang,ST,South Korea,1996-01-26,177,11
886363,3,Matheus Cunha,ST,Brazil,1999-05-27,184,10
280979,3,Gonçalo Guedes,ST,Portugal,1996-11-29,179,29
138573,3,Pablo Sarabia,AM,Spain,1992-05-11,176,21
1069486,3,Carlos Borges,LW,Portugal,2004-03-19,169,26
876599,3,Jørgen Strand Larsen,ST,Norway,2000-02-06,193,9
870038,3,Saša Kalajdžić,ST,Austria,1997-07-07,200,9
1402232,3,Enso González,LW,Paraguay,2005-01-20,168,30
1015267,3,João Gomes,MC,Brazil,2001-02-12,176,8
931278,3,Rayan Aït Nouri,ML,Algeria,2001-06-06,179,3
1035996,3,André,MC,Brazil,2001-07-16,176,7
252821,3,Nélson Semedo,DR,Portugal,1993-11-16,177,22
307284,3,Mario Lemina,MC,Gabon,1993-09-01,184,5
143047,3,Matt Doherty,MR,Ireland,1992-01-16,182,2
982613,3,Boubacar Traoré,MC,Mali,2001-08-20,183,6
932628,3,Tommy Doyle,MC,England,2001-10-17,172,20
1006073,3,Rodrigo Gomes,ML,Portugal,2003-07-07,171,19
845273,3,Jean-Ricner Bellegarde,MC,France,1998-06-27,170,27
988966,3,Luke Cundle,MC,England,2002-04-26,174,34
1819718,3,Luke Rawlings,M,England,2008-01-01,NULL,62
1923323,3,Sebastian Lochhead,M,Scotland,NULL,NULL,55
1597270,3,Pedro Lima,DR,Brazil,2006-07-01,174,37
1014835,3,Yerson Mosquera,DC,Colombia,2001-05-02,188,14
973418,3,Toti Gomes,DC,Portugal,1999-01-16,187,24
846308,3,Santiago Bueno,DC,Uruguay,1998-11-09,189,4
50027,3,Craig Dawson,DC,England,1990-05-06,188,15
1405973,3,Bastien Meupiyou,DC,France,2006-03-19,191,45
252669,3,José Sá,GK,Portugal,1993-01-17,192,1
98427,3,Sam Johnstone,GK,England,1993-03-25,193,32
101367,3,Daniel Bentley,GK,England,1993-07-13,188,25
603922,3,Tom King,GK,Wales,1995-03-09,186,40
286165,43,Adama Traoré,RW,Spain,1996-01-25,178,11
192442,43,Raúl Jiménez,ST,Mexico,1991-05-05,189,7
826139,43,Reiss Nelson,RW,England,1999-12-10,175,19
1015256,43,Rodrigo Muniz,ST,Brazil,2001-05-04,184,9
891920,43,Carlos Vinícius,ST,Brazil,1995-03-25,190,95
867445,43,Emile Smith Rowe,AM,England,2000-07-28,182,32
285949,43,Andreas Pereira,AM,Brazil,1996-01-01,177,18
352770,43,Alex Iwobi,MC,Nigeria,1996-05-03,183,17
371222,43,Saša Lukić,MC,Serbia,1996-08-13,183,20
355528,43,Harry Wilson,RW,Wales,1997-03-22,173,8
836698,43,Ryan Sessegnon,ML,England,2000-05-18,178,30
793167,43,Sander Berge,MC,Norway,1998-02-14,195,16
82566,43,Tom Cairney,MC,Scotland,1991-01-20,185,10
365802,43,Harrison Reed,MC,England,1995-01-27,176,6
329417,43,Timothy Castagne,DR,Belgium,1995-12-05,185,21
861972,43,Calvin Bassey,DC,Nigeria,1999-12-31,185,3
362682,43,Joachim Andersen,DC,Denmark,1996-05-31,190,5
803174,43,Antonee Robinson,DL,USA,1997-08-08,183,33
190877,43,Kenny Tete,DR,Netherlands,1995-10-09,180,2
825719,43,Issa Diop,DC,France,1997-01-09,194,31
868715,43,Jorge Cuenca,DC,Spain,1999-11-17,190,15
103335,43,Bernd Leno,GK,Germany,1992-03-04,190,1
860764,43,Steven Benda,GK,Germany,1998-10-01,192,23
839956,17,Erling Haaland,ST,Norway,2000-07-21,194,9
934386,17,Jérémy Doku,RW,Belgium,2002-05-27,173,11
70996,17,Kevin De Bruyne,AM,Belgium,1991-06-28,181,17
859765,17,Phil Foden,RW,England,2000-05-28,171,47
45853,17,İlkay Gündoğan,MC,Germany,1990-10-24,180,19
331209,17,Bernardo Silva,RW,Portugal,1994-08-10,173,20
827606,17,Rodri,DM,Spain,1996-06-22,191,16
189061,17,Jack Grealish,LW,England,1995-09-10,180,10
136710,17,Mateo Kovačić,MC,Croatia,1994-05-06,178,8
1046795,17,Savinho,LW,Brazil,2004-04-10,176,26
945122,17,Matheus Nunes,MC,Portugal,1998-08-27,183,27
1136731,17,Rico Lewis,DR,England,2004-11-21,170,82
1065216,17,Oscar Bobb,RW,Norway,2003-07-12,174,52
1003334,17,James McAtee,MC,England,2002-10-18,180,87
964994,17,Joško Gvardiol,DL,Croatia,2002-01-23,186,24
318941,17,Rúben Dias,DC,Portugal,1997-05-14,188,3
44614,17,Kyle Walker,DR,England,1990-05-28,183,2
152077,17,John Stones,DC,England,1994-05-28,188,5
149663,17,Nathan Aké,DC,Netherlands,1995-02-18,180,6
383560,17,Manuel Akanji,DC,Switzerland,1995-07-19,187,25
1017915,17,Josh Wilson-Esbrand,DL,England,2002-12-26,176,97
254491,17,Ederson,GK,Brazil,1993-08-17,188,31
125274,17,Stefan Ortega,GK,Germany,1992-11-06,186,18
716,17,Scott Carson,GK,England,1985-09-03,188,33
132645,37,Niclas Füllkrug,ST,Germany,1993-02-09,188,11
47772,37,Michail Antonio,ST,Jamaica,1990-03-28,180,9
130181,37,Danny Ings,ST,England,1992-07-23,178,18
905163,37,Mohammed Kudus,RW,Ghana,2000-08-02,176,14
839981,37,Lucas Paquetá,AM,Brazil,1997-08-27,180,10
847151,37,Edson Álvarez,MC,Mexico,1997-10-24,185,19
552884,37,Jarrod Bowen,RW,England,1996-12-20,174,20
609752,37,Guido Rodríguez,MC,Argentina,1994-04-12,185,24
832427,37,Carlos Soler,MC,Spain,1997-01-02,180,4
917005,37,Crysencio Summerville,LW,Netherlands,2001-10-30,174,7
799041,37,Tomáš Souček,MC,Czechia,1995-02-27,192,28
1464248,37,Luis Guilherme,M,Brazil,2006-02-09,175,17
845464,37,Andy Irving,MC,Scotland,2000-05-13,186,39
863653,37,Aaron Wan-Bissaka,DR,England,1997-11-26,183,29
945217,37,Jean-Clair Todibo,DC,France,1999-12-30,189,25
829022,37,Konstantinos Mavropanos,DC,Greece,1997-12-11,194,15
155997,37,Emerson Palmieri,DL,Italy,1994-08-03,176,33
138024,37,Vladimír Coufal,DR,Czechia,1992-08-22,179,5
894474,37,Max Kilman,DC,England,1997-05-23,192,26
43443,37,Aaron Cresswell,DL,England,1989-12-15,170,3
1142343,37,Kaelan Casey,DC,England,2004-10-28,185,42
15479,37,Łukasz Fabiański,GK,Poland,1985-04-18,190,1
96531,37,Alphonse Aréola,GK,France,1993-02-27,195,23
187861,37,Wesley Foderingham,GK,England,1991-01-14,185,21
1010010,32,Ali Al-Hamadi,ST,Iraq,2002-03-01,187,16
997087,32,Liam Delap,ST,England,2003-02-08,186,19
849309,32,Chiedozie Ogbene,RW,Ireland,1997-05-01,181,21
839712,32,George Hirst,ST,England,1999-02-15,191,27
786028,32,Kalvin Phillips,DM,England,1995-12-02,177,8
1090963,32,Omari Hutchinson,RW,England,2003-10-29,174,20
921005,32,Jack Clarke,LW,England,2000-11-23,181,47
108515,32,Sam Morsy,MC,Egypt,1991-09-10,175,5
354782,32,Sammie Szmodics,AM,Ireland,1995-09-24,168,23
857671,32,Jens Cajuste,MC,Sweden,1999-08-10,188,12
784625,32,Conor Chaplin,AM,England,1997-02-16,170,10
911710,32,Nathan Broadhead,LW,Wales,1998-04-05,178,33
856669,32,Jack Taylor,MC,Ireland,1998-06-23,185,14
204300,32,Massimo Luongo,MC,Australia,1992-09-25,174,25
305302,32,Wes Burns,RW,Wales,1994-11-13,173,7
817979,32,Axel Tuanzebe,DC,DR Congo,1997-11-14,185,40
963493,32,Leif Davis,DL,England,1999-12-31,182,3
914412,32,Ben Johnson,DR,England,2000-01-24,182,18
990821,32,Jacob Greaves,DC,England,2000-09-12,193,24
856719,32,Dara O'Shea,DC,Ireland,1999-03-04,188,26
993439,32,Harry Clarke,DR,England,2001-03-02,178,2
358084,32,Cameron Burgess,DC,Australia,1995-10-21,194,15
893478,32,Luke Woolfenden,DC,England,1998-10-21,193,6
197982,32,Conor Townsend,DL,England,1993-03-04,168,22
888971,32,Arijanet Murić,GK,Kosovo,1998-11-07,198,1
1001845,32,Cieran Slicker,GK,Scotland,2002-09-15,187,13
198038,32,Christian Walton,GK,England,1995-11-09,196,28
111505,33,Heung-min Son,ST,South Korea,1992-07-08,184,7
840217,33,Richarlison,ST,Brazil,1997-05-10,184,9
361420,33,Dominic Solanke,ST,England,1997-09-14,186,19
1085180,33,Brennan Johnson,RW,Wales,2001-05-23,186,22
1403192,33,Mikey Moore,F,England,2007-08-11,180,47
1391825,33,Will Lankshear,ST,England,2005-04-20,189,42
1403125,33,Oyindamola Ajayi,RW,England,2005-12-27,NULL,63
232306,33,Timo Werner,ST,Germany,1996-03-06,180,16
356398,33,James Maddison,AM,England,1996-11-23,175,10
1002711,33,Pape Matar Sarr,MC,Senegal,2002-09-14,185,29
928124,33,Dejan Kulusevski,RW,Sweden,2000-04-25,186,21
844842,33,Yves Bissouma,MC,Mali,1996-08-30,181,8
791190,33,Rodrigo Bentancur,MC,Uruguay,1997-06-25,187,30
1391251,33,Lucas Bergvall,MC,Sweden,2006-02-02,186,15
1142679,33,Wilson Odobert,AM,France,2004-11-28,182,28
1187495,33,Dante Cassanova,DC,Jamaica,2004-06-21,NULL,14
829932,33,Cristian Romero,DC,Argentina,1998-04-27,185,17
913654,33,Pedro Porro,DR,Spain,1999-09-13,173,23
997103,33,Radu Drăguşin,DC,Romania,2002-02-03,191,6
998247,33,Micky van de Ven,DC,Netherlands,2001-04-19,193,37
983572,33,Destiny Udogie,ML,Italy,2002-11-28,186,13
858195,33,Sergio Reguilón,DL,Spain,1996-12-16,178,3
1142335,33,Archie Gray,DR,England,2006-03-12,187,14
94758,33,Ben Davies,DC,Wales,1993-04-24,181,33
945798,33,Djed Spence,MR,England,2000-08-09,184,24
1177610,33,Alfie Dorrington,DC,England,2005-04-20,192,5
553606,33,Guglielmo Vicario,GK,Italy,1996-10-07,194,1
19314,33,Fraser Forster,GK,England,1988-03-17,201,20
859896,33,Brandon Austin,GK,England,1999-01-08,188,40
822504,33,Alfie Whiteman,GK,England,1998-10-02,189,41
845286,7,Ismaïla Sarr,RW,Senegal,1998-02-25,185,7
858194,7,Edward Nketiah,ST,England,1999-05-30,175,9
864921,7,Eberechi Eze,AM,England,1998-06-29,178,10
848276,7,Jean-Philippe Mateta,ST,France,1997-06-28,192,14
1116593,7,Matheus França,AM,Brazil,2004-04-01,184,11
1149851,7,Franco Umeh,RW,Ireland,2005-01-26,185,46
794338,7,Daichi Kamada,MC,Japan,1996-08-05,184,18
355796,7,Jefferson Lerma,MC,Colombia,1994-10-25,179,8
906047,7,Cheick Doucouré,MC,Mali,2000-01-08,181,28
1109771,7,Adam Wharton,MC,England,2004-02-06,182,20
148710,7,Jeffrey Schlupp,MC,Ghana,1992-12-23,178,15
193554,7,Will Hughes,MC,England,1995-04-17,185,19
1064218,7,Chadi Riad,DC,Morocco,2003-03-17,186,34
826134,7,Trevoh Chalobah,DC,England,1999-07-05,190,27
870360,7,Daniel Muñoz,DR,Colombia,1996-05-26,183,12
877994,7,Marc Guéhi,DC,England,2000-07-13,182,6
793228,7,Rob Holding,DC,England,1995-09-20,189,4
931844,7,Chris Richards,DC,USA,2000-03-28,188,26
879674,7,Maxence Lacroix,DC,France,2000-04-06,192,5
988275,7,Tyrick Mitchell,DL,England,1999-09-01,174,3
43215,7,Nathaniel Clyne,DR,England,1991-04-05,175,17
39183,7,Joel Ward,DR,England,1989-10-29,188,2
1465401,7,Caleb Kporha,D,England,2006-07-15,NULL,58
788134,7,Dean Henderson,GK,England,1997-03-12,188,1
833943,7,Matt Turner,GK,USA,1994-06-24,190,30
581610,7,Remi Matthews,GK,England,1994-02-10,184,31
980633,7,Louie Moulden,GK,England,2002-01-06,188,1
1086417,35,Rasmus Højlund,ST,Denmark,2003-02-04,191,9
917007,35,Joshua Zirkzee,ST,Netherlands,2001-05-22,193,11
1426625,35,Ethan Wheatley,ST,England,2006-01-20,187,9
288205,35,Bruno Fernandes,AM,Portugal,1994-09-08,179,8
814590,35,Marcus Rashford,LW,England,1997-10-31,184,10
122951,35,Casemiro,MC,Brazil,1992-02-23,185,18
1135873,35,Alejandro Garnacho,LW,Argentina,2004-07-01,180,17
958380,35,Antony,RW,Brazil,2000-02-24,172,21
836694,35,Mason Mount,AM,England,1999-01-10,181,7
1142175,35,Kobbie Mainoo,MC,England,2005-04-19,183,37
105734,35,Christian Eriksen,MC,Denmark,1992-02-14,182,14
971037,35,Amad Diallo,RW,Côte d’Ivoire,2002-07-11,173,16
846425,35,Manuel Ugarte,MC,Uruguay,2001-04-11,182,25
1084356,35,Toby Collyer,MC,England,2004-01-03,180,6
1146145,35,Daniel Gore,MC,England,2004-09-26,170,8
859999,35,Lisandro Martínez,DC,Argentina,1998-01-18,175,6
803031,35,Matthijs de Ligt,DC,Netherlands,1999-08-12,188,4
847030,35,Noussair Mazraoui,DR,Morocco,1997-11-14,183,3
149380,35,Harry Maguire,DC,England,1993-03-05,194,5
843200,35,Diogo Dalot,DR,Portugal,1999-03-18,184,20
190839,35,Luke Shaw,DL,England,1995-07-12,178,23
1153315,35,Leny Yoro,DC,France,2005-11-13,190,15
143334,35,Victor Lindelöf,DC,Sweden,1994-07-17,187,2
825839,35,Tyrell Malacia,DL,Netherlands,1999-08-17,169,12
30144,35,Jonny Evans,DC,Northern Ireland,1988-01-03,188,35
787498,35,André Onana,GK,Cameroon,1996-04-02,190,24
815890,35,Altay Bayındır,GK,Türkiye,1998-04-14,198,1
18122,35,Tom Heaton,GK,England,1986-04-15,188,22
1019442,45,Kamaldeen Sulemana,LW,Ghana,2002-02-15,174,20
867583,45,Ben Brereton Díaz,LW,Chile,1999-04-18,188,17
280439,45,Maxwel Cornet,ML,Côte d’Ivoire,1996-09-27,179,22
295123,45,Paul Onuachu,ST,Nigeria,1994-05-28,201,32
361352,45,Adam Armstrong,ST,England,1997-02-10,172,9
993451,45,Cameron Archer,ST,England,2001-12-09,181,19
1174472,45,Tyler Dibling,RW,England,2006-02-17,178,33
886117,45,Ross Stewart,ST,Scotland,1996-09-01,188,11
1440673,45,Jay Robinson,LW,England,2007-03-15,NULL,11
1048916,45,Lesley Ugochukwu,MC,France,2004-03-26,188,26
17054,45,Adam Lallana,MC,England,1988-05-10,172,10
818073,45,Joe Aribo,MC,Nigeria,1996-07-21,183,7
1142562,45,Mateus Fernandes,MC,Portugal,2004-07-10,178,18
138261,45,Ryan Fraser,LW,Scotland,1994-02-24,163,24
1407484,45,Samuel Amo-Ameyaw,RW,England,2006-07-18,166,7
970435,45,Will Smallbone,MC,Ireland,2000-02-21,173,8
879810,45,Flynn Downes,MC,England,1999-01-20,172,4
1923290,45,Joe O'Brien-Whitmarsh,M,Ireland,2005-05-11,NULL,10
1923297,45,Romeo Akachukwu,M,Ireland,2006-07-28,NULL,54
286085,45,Jan Bednarek,DC,Poland,1996-04-12,189,35
905347,45,Yukinari Sugawara,DR,Japan,2000-06-28,179,16
980637,45,Taylor Harwood-Bellis,DC,England,2002-01-30,185,6
976025,45,Armel Bella-Kotchap,DC,Germany,2001-12-11,190,37
823085,45,Kyle Walker-Peters,DR,England,1997-04-13,173,2
1012415,45,Ronnie Edwards,DC,England,2003-03-28,180,12
166381,45,Charlie Taylor,DL,England,1993-09-18,183,21
328701,45,Ryan Manning,DL,Ireland,1996-06-14,172,3
1134532,45,Juan Larios,DL,Spain,2004-01-12,170,3
134361,45,Jack Stephens,DC,England,1994-01-27,185,5
944200,45,Nathan Wood,DC,England,2002-05-31,188,15
555406,45,James Bree,MR,England,1997-10-11,178,14
839410,45,Aaron Ramsdale,GK,England,1998-05-14,191,30
936719,45,Gavin Bazunu,GK,Ireland,2002-02-20,189,31
45502,45,Alex McCarthy,GK,England,1989-12-03,193,1
591620,45,Joe Lumley,GK,England,1995-02-15,190,13
851671,38,João Félix,ST,Portugal,1999-11-10,181,14
769333,38,Christopher Nkunku,ST,France,1997-11-14,175,18
1085381,38,Nicolas Jackson,ST,Senegal,2001-06-20,186,15
1414933,38,Marc Guiu,ST,Spain,2006-01-04,187,38
879349,38,Pedro Neto,RW,Portugal,2000-03-09,172,7
1162083,38,Omari Kellyman,RW,England,2005-09-25,191,10
1403061,38,Tyrique George,LW,England,2006-02-04,181,32
982780,38,Cole Palmer,RW,England,2002-05-06,188,20
974505,38,Enzo Fernández,MC,Argentina,2001-01-17,177,8
851100,38,Jadon Sancho,LW,England,2000-03-25,180,19
958966,38,Mykhaylo Mudryk,LW,Ukraine,2001-01-05,175,10
987650,38,Moisés Caicedo,MC,Ecuador,2001-11-02,178,25
966547,38,Noni Madueke,RW,England,2002-03-10,182,11
1069488,38,Roméo Lavia,MC,Belgium,2004-01-06,181,45
1016788,38,Cesare Casadei,MC,Italy,2003-01-10,186,31
994556,38,Carney Chukwuemeka,MC,England,2003-10-20,185,17
861970,38,Kiernan Dewsbury-Hall,MC,England,1998-09-06,178,22
1087359,38,Renato Veiga,MC,Portugal,2003-07-29,190,40
1402736,38,Kiano Dyer,MC,England,2006-11-21,NULL,33
885908,38,Reece James,MR,England,1999-12-08,180,24
794939,38,Marc Cucurella,DL,Spain,1998-07-22,175,3
802695,38,Ben Chilwell,DL,England,1996-12-21,181,21
996911,38,Levi Colwill,DC,England,2003-02-26,187,6
996958,38,Malo Gusto,DR,France,2003-05-19,179,27
923894,38,Wesley Fofana,DC,France,2000-12-17,186,29
904827,38,Benoît Badiashile,DC,France,2001-03-26,194,5
827243,38,Axel Disasi,DC,France,1998-03-11,190,2
352668,38,Tosin Adarabioyo,DC,England,1997-09-24,196,4
920546,38,Robert Sánchez,GK,Spain,1997-11-18,197,1
962053,38,Filip Jørgensen,GK,Denmark,2002-04-16,190,12
257993,38,Marcus Bettinelli,GK,England,1992-05-24,194,13
996903,38,Lucas Bergström,GK,Finland,2002-09-05,206,47
914309,48,Iliman Ndiaye,ST,Senegal,2000-03-06,180,10
996985,48,Armando Broja,ST,Albania,2001-09-10,191,19
372344,48,Dominic Calvert-Lewin,ST,England,1997-03-16,187,9
987489,48,Beto,ST,Guinea-Bissau,1998-01-31,194,14
96535,48,Abdoulaye Doucouré,MC,Mali,1993-01-01,182,16
1145627,48,Youssef Chermiti,ST,Portugal,2004-05-24,192,28
106337,48,Idrissa Gueye,MC,Senegal,1989-09-26,174,27
947929,48,Jesper Lindstrøm,AM,Denmark,2000-02-29,182,29
927361,48,James Garner,MC,England,2001-03-13,182,37
935543,48,Dwight McNeil,ML,England,1999-11-22,183,7
793988,48,Orel Mangala,MC,Belgium,1998-03-18,178,8
829570,48,Jack Harrison,LW,England,1996-11-20,175,11
1085950,48,Tim Iroegbunam,MC,England,2003-06-30,182,42
1627560,48,Harrison Armstrong,MC,England,2007-01-19,185,45
1400676,48,Owen Barker,M,England,2005-02-23,173,16
876643,48,Vitaliy Mykolenko,DL,Ukraine,1999-05-29,180,19
979563,48,Jarrad Branthwaite,DC,England,2002-06-27,195,32
10589,48,Ashley Young,DR,England,1985-07-09,180,18
145188,48,James Tarkowski,DC,England,1992-11-19,185,6
76632,48,Séamus Coleman,DR,Ireland,1988-10-11,177,23
998253,48,Jake O'Brien,DC,Ireland,2001-05-15,197,15
1020141,48,Nathan Patterson,DR,Scotland,2001-10-16,189,2
110846,48,Michael Keane,DC,England,1993-01-11,188,5
1415001,48,Roman Dixon,DR,England,2004-12-26,175,75
138530,48,Jordan Pickford,GK,England,1994-03-07,185,1
13918,48,Asmir Begović,GK,Bosnia & Herzegovina,1987-06-20,198,31
930666,48,João Virgínia,GK,Portugal,1999-10-10,191,12
823941,39,Alexander Isak,ST,Sweden,1999-09-21,193,14
914902,39,Anthony Gordon,LW,England,2001-02-24,183,10
333373,39,Miguel Almirón,RW,Paraguay,1994-02-10,174,24
113956,39,Callum Wilson,ST,England,1992-02-27,180,9
1169124,39,Garang Kuol,LW,Australia,2004-09-14,175,38
372336,39,Jacob Murphy,RW,England,1995-02-24,176,23
1122603,39,William Osula,ST,Denmark,2003-08-04,186,18
866469,39,Bruno Guimarães,MC,Brazil,1997-11-16,182,39
892673,39,Sandro Tonali,MC,Italy,2000-05-08,181,8
560128,39,Joelinton,MC,Brazil,1996-08-14,186,7
855647,39,Harvey Barnes,LW,England,1997-12-09,181,11
888550,39,Joe Willock,MC,England,1999-08-20,186,28
1400650,39,Lewis Miley,MC,England,2006-05-01,188,81
866191,39,Sean Longstaff,MC,England,1997-10-30,187,36
190843,39,Isaac Hayden,MC,England,1995-03-22,187,45
69256,39,Kieran Trippier,DR,England,1990-09-19,174,2
910046,39,Sven Botman,DC,Netherlands,2000-01-12,193,4
1136730,39,Lewis Hall,DL,England,2004-09-08,179,20
980634,39,Valentino Livramento,DR,England,2002-11-12,181,21
101882,39,Fabian Schär,DC,Switzerland,1991-12-20,186,5
99090,39,Dan Burn,DL,England,1992-05-09,201,33
153444,39,Jamaal Lascelles,DC,England,1993-11-11,188,6
368134,39,Matt Targett,DL,England,1995-09-18,183,13
150396,39,Emil Krafth,DR,Sweden,1994-08-02,184,17
865167,39,Lloyd Kelly,DC,England,1998-10-01,191,25
1125214,39,Alex Murphy,DC,Ireland,2004-06-25,188,37
162653,39,Nick Pope,GK,England,1992-04-19,191,22
138149,39,Odysseas Vlachodimos,GK,Greece,1994-04-26,191,19
42209,39,Martin Dúbravka,GK,Slovakia,1989-01-15,190,1
108508,39,Mark Gillespie,GK,England,1992-03-27,190,29
1131,39,John Ruddy,GK,England,1986-10-24,193,26
159665,44,Mohamed Salah,RW,Egypt,1992-06-15,175,11
924871,44,Darwin Núñez,ST,Uruguay,1999-06-24,188,9
883537,44,Luis Díaz,LW,Colombia,1997-01-13,178,7
862967,44,Cody Gakpo,ST,Netherlands,1999-05-07,193,18
606164,44,Diogo Jota,ST,Portugal,1996-12-04,178,20
845386,44,Federico Chiesa,ST,Italy,1997-10-25,175,14
895324,44,Alexis Mac Allister,MC,Argentina,1998-12-24,176,10
869856,44,Dominik Szoboszlai,AM,Hungary,2000-10-25,187,8
955245,44,Harvey Elliott,MC,England,2003-04-04,170,19
904897,44,Ryan Gravenberch,MC,Netherlands,2002-05-16,190,38
143040,44,Wataru Endo,MC,Japan,1993-02-09,178,3
927353,44,Curtis Jones,MC,England,2001-01-30,185,17
979118,44,Tyler Morton,MC,England,2002-10-31,178,6
795064,44,Trent Alexander-Arnold,DR,England,1998-10-07,180,66
151545,44,Virgil van Dijk,DC,Netherlands,1991-07-08,193,4
262911,44,Andrew Robertson,DL,Scotland,1994-03-11,178,26
826215,44,Ibrahima Konaté,DC,France,1999-05-25,195,5
786259,44,Konstantinos Tsimikas,DL,Greece,1996-05-12,178,21
318927,44,Joe Gomez,DC,England,1997-05-23,188,2
1008402,44,Conor Bradley,MR,Northern Ireland,2003-07-09,181,84
1003339,44,Jarell Quansah,DC,England,2003-01-29,190,78
243609,44,Alisson,GK,Brazil,1992-10-02,191,1
827362,44,Caoimhin Kelleher,GK,Ireland,1998-11-23,188,62
927359,44,Vítězslav Jaroš,GK,Czechia,2001-07-23,190,56
1546231,43,Joshua King,MC,England,2007-01-03,172,24
1142703,17,Nico O'Reilly,MC,England,2005-03-21,193,75
1799984,7,Asher Agbinone,F,England,2005-09-28,NULL,64
1402726,35,Jack Fletcher,MC,England,2007-01-06,NULL,57